n,accuracy,hallucination_rate,accuracy_ci_low_bootstrap_examples,accuracy_ci_high_bootstrap_examples,ece,brier,parse_success_rate,refusal_rate,answer_rate,mean_latency_s,tokens_per_second,error_rate,model_id,benchmark,method,seed,evaluation_mode
300.0,0.29333333333333333,0.7066666666666667,0.24333333333333335,0.3466666666666667,0.595393662585448,0.5656975807858893,1.0,0.0,1.0,0.10027185089886188,0.0,0.0,Qwen/Qwen2.5-7B-Instruct,FEVER,vanilla_fixed_shuffle_mc,1,choice
300.0,0.5566666666666666,0.44333333333333336,0.49666666666666665,0.6133333333333333,0.34519042903831665,0.3275620083042899,1.0,0.0,1.0,0.07430846204360327,0.0,0.0,Qwen/Qwen2.5-7B-Instruct,HaluEval-QA,vanilla_fixed_shuffle_mc,1,choice
149.0,0.37583892617449666,0.6241610738255033,0.2953020134228188,0.4563758389261745,0.16225287515948206,0.2520636310533156,1.0,0.0,1.0,0.16024122367169233,0.0,0.0,Qwen/Qwen2.5-7B-Instruct,TruthfulQA-MC1,vanilla_fixed_shuffle_mc,1,choice
