n,accuracy,hallucination_rate,accuracy_ci_low_bootstrap_examples,accuracy_ci_high_bootstrap_examples,ece,brier,parse_success_rate,refusal_rate,answer_rate,mean_latency_s,tokens_per_second,iga_gamma_mean,iga_gamma_max,iga_gate_mean,iga_gate_max,iga_pattern_mean,iga_active_heads,error_rate,model_id,benchmark,method,seed,evaluation_mode
300.0,0.4633333333333333,0.5366666666666666,0.40991666666666665,0.5166666666666667,0.2626274799307188,0.3095759327331747,,0.0,1.0,1.4292630559627044,0.0,1.6749364986202933,29.918288218758324,0.41047202318906784,1.5466588946183522,126.3233919698542,32.0,0.0,mistralai/Mistral-7B-Instruct-v0.3,FEVER,iga_v3_entropy_sparse_mc,1,choice
300.0,0.9333333333333333,0.06666666666666665,0.9033333333333333,0.96,0.04714149912198385,0.05702754603605191,,0.0,1.0,2.2645225443328187,0.0,0.5493715412530935,29.650044547572282,0.35054531137148537,1.7547216006120046,47.6372646334677,32.0,0.0,mistralai/Mistral-7B-Instruct-v0.3,HaluEval-QA,iga_v3_entropy_sparse_mc,1,choice
149.0,0.47651006711409394,0.5234899328859061,0.3959731543624161,0.5637583892617449,0.15088847029529162,0.24527013240388282,,0.0,1.0,1.8905162967416465,0.0,0.8676513972089303,11.955321081969124,0.42405704163864955,1.6038672291992495,48.21503494860851,32.0,0.0,mistralai/Mistral-7B-Instruct-v0.3,TruthfulQA-MC1,iga_v3_entropy_sparse_mc,1,choice
